[

{"name":"推荐",
"list":[
{"name":"洪宇影视合集","url":"https://cors.isteed.cc/https://raw.githubusercontent.com/469548405/xiaosa/refs/heads/master/xiaosa/all.txt","version":"洪宇的网络爬虫","icon":"https://daili.korice.eu.org/https://raw.githubusercontent.com/qq859/cj/refs/heads/main/%E5%9B%BE%E7%89%87/HYTV.png","copy":"https://cors.isteed.cc/https://raw.githubusercontent.com/469548405/xiaosa/refs/heads/master/xiaosa/all.txt"},

{"name":"🔞洪宇影视18+🔞","url":"https://cors.isteed.cc/https://raw.githubusercontent.com/469548405/xiaosa/refs/heads/master/xiaosa/18.json","version":"洪宇的网络爬虫","icon":"https://daili.korice.eu.org/https://raw.githubusercontent.com/qq859/cj/refs/heads/main/%E5%9B%BE%E7%89%87/HY18.png","copy":"https://cors.isteed.cc/https://raw.githubusercontent.com/469548405/xiaosa/refs/heads/master/xiaosa/18.json"},

{"name":"洪宇456合集","url":"https://cors.isteed.cc/https://daili.korice.eu.org/https://raw.githubusercontent.com/vvvzhy/vvvzhy/refs/heads/main/yu/456.txt","version":"洪宇的网络爬虫","icon":"https://daili.korice.eu.org/https://raw.githubusercontent.com/qq859/cj/refs/heads/main/%E5%9B%BE%E7%89%87/HYTV.png","copy":"https://cors.isteed.cc/https://daili.korice.eu.org/https://raw.githubusercontent.com/vvvzhy/vvvzhy/refs/heads/main/yu/456.txt"},

{"name":"本地直播源","url":"https://daili.korice.eu.org/https://raw.githubusercontent.com/llllse/hyyy/refs/heads/main/yu/YT2.txt","version":"洪宇的网络爬虫","icon":"https://daili.korice.eu.org/https://raw.githubusercontent.com/qq859/cj/refs/heads/main/%E5%9B%BE%E7%89%87/HYTV.png","copy":"https://daili.korice.eu.org/https://raw.githubusercontent.com/llllse/hyyy/refs/heads/main/yu/YT2.txt"},
{"name":"多加项tvbox","url":"https://daili.korice.eu.org/https://raw.githubusercontent.com/llllse/hyyy/refs/heads/main/yu/tvbox.zip","version":"洪宇的网络爬虫","icon":"https://daili.korice.eu.org/https://raw.githubusercontent.com/qq859/cj/refs/heads/main/%E5%9B%BE%E7%89%87/HYTV.png","copy":"https://daili.korice.eu.org/https://raw.githubusercontent.com/llllse/hyyy/refs/heads/main/yu/tvbox.zip"},
{"name":"洪宇影视壁纸","url":"https://raw.githubusercontent.com/qq859/cj/refs/heads/main/%E5%9B%BE%E7%89%87/HYTV.png","icon":"https://daili.korice.eu.org/https://raw.githubusercontent.com/qq859/cj/refs/heads/main/%E5%9B%BE%E7%89%87/HYTV.png"}
]
},



















{"name":"洪宇全部",
"list":[
{"name":"全部TXT","url":"https://daili.korice.eu.org/https://raw.githubusercontent.com/vvvzhy/vvvzhy/refs/heads/main/yu/[ALL].txt","version":"洪宇的网络爬虫","icon":"https://daili.korice.eu.org/https://raw.githubusercontent.com/qq859/cj/refs/heads/main/%E5%9B%BE%E7%89%87/HYDIY.png","copy":"https://daili.korice.eu.org/https://raw.githubusercontent.com/vvvzhy/vvvzhy/refs/heads/main/yu/[ALL].txt"},

{"name":"123.json","url":"https://daili.korice.eu.org/https://raw.githubusercontent.com/vvvzhy/vvvzhy/refs/heads/main/yu/123.json","version":"洪宇的网络爬虫","icon":"https://daili.korice.eu.org/https://raw.githubusercontent.com/qq859/cj/refs/heads/main/%E5%9B%BE%E7%89%87/HYDIY.png","copy":"https://daili.korice.eu.org/https://raw.githubusercontent.com/vvvzhy/vvvzhy/refs/heads/main/yu/123.json"},

{"name":"123.txt","url":"https://daili.korice.eu.org/https://raw.githubusercontent.com/vvvzhy/vvvzhy/refs/heads/main/yu/123.txt","version":"洪宇的网络爬虫","icon":"https://daili.korice.eu.org/https://raw.githubusercontent.com/qq859/cj/refs/heads/main/%E5%9B%BE%E7%89%87/HYDIY.png","copy":"https://daili.korice.eu.org/https://raw.githubusercontent.com/vvvzhy/vvvzhy/refs/heads/main/yu/123.txt"},

{"name":"all.txt","url":"https://daili.korice.eu.org/https://raw.githubusercontent.com/vvvzhy/vvvzhy/refs/heads/main/yu/all.txt","version":"洪宇的网络爬虫","icon":"https://daili.korice.eu.org/https://raw.githubusercontent.com/qq859/cj/refs/heads/main/%E5%9B%BE%E7%89%87/HYDIY.png","copy":"https://daili.korice.eu.org/https://raw.githubusercontent.com/vvvzhy/vvvzhy/refs/heads/main/yu/all.txt"},

{"name":"all.json","url":"https://daili.korice.eu.org/https://raw.githubusercontent.com/vvvzhy/vvvzhy/refs/heads/main/yu/all.json","version":"洪宇的网络爬虫","icon":"https://daili.korice.eu.org/https://raw.githubusercontent.com/qq859/cj/refs/heads/main/%E5%9B%BE%E7%89%87/HYDIY.png","copy":"https://daili.korice.eu.org/https://raw.githubusercontent.com/vvvzhy/vvvzhy/refs/heads/main/yu/all.json"},

{"name":"yu(1-2-3).json","url":"https://daili.korice.eu.org/https://raw.githubusercontent.com/vvvzhy/vvvzhy/refs/heads/main/yu/yu(1-2-3).json","version":"洪宇的网络爬虫","icon":"https://daili.korice.eu.org/https://raw.githubusercontent.com/qq859/cj/refs/heads/main/%E5%9B%BE%E7%89%87/HYDIY.png","copy":"https://daili.korice.eu.org/https://raw.githubusercontent.com/vvvzhy/vvvzhy/refs/heads/main/yu/yu(1-2-3).json"},

{"name":"yu(1-ALL).json","url":"https://daili.korice.eu.org/https://raw.githubusercontent.com/vvvzhy/vvvzhy/refs/heads/main/yu/yu(1-ALL).json","version":"洪宇的网络爬虫","icon":"https://daili.korice.eu.org/https://raw.githubusercontent.com/qq859/cj/refs/heads/main/%E5%9B%BE%E7%89%87/HYDIY.png","copy":"https://daili.korice.eu.org/https://raw.githubusercontent.com/vvvzhy/vvvzhy/refs/heads/main/yu/yu(1-ALL).json"},

{"name":"yu[1-2-3].json","url":"https://daili.korice.eu.org/https://raw.githubusercontent.com/vvvzhy/vvvzhy/refs/heads/main/yu/yu[1-2-3].json","version":"洪宇的网络爬虫","icon":"https://daili.korice.eu.org/https://raw.githubusercontent.com/qq859/cj/refs/heads/main/%E5%9B%BE%E7%89%87/HYDIY.png","copy":"https://daili.korice.eu.org/https://raw.githubusercontent.com/vvvzhy/vvvzhy/refs/heads/main/yu/yu[1-2-3].json"},

{"name":"yu[1-ALL].json","url":"https://daili.korice.eu.org/https://raw.githubusercontent.com/vvvzhy/vvvzhy/refs/heads/main/yu/yu[1-ALL].json","version":"洪宇的网络爬虫","icon":"https://daili.korice.eu.org/https://raw.githubusercontent.com/qq859/cj/refs/heads/main/%E5%9B%BE%E7%89%87/HYDIY.png","copy":"https://daili.korice.eu.org/https://raw.githubusercontent.com/vvvzhy/vvvzhy/refs/heads/main/yu/yu[1-ALL].json"},

{"name":"yu(18+1).json","url":"https://daili.korice.eu.org/https://raw.githubusercontent.com/vvvzhy/vvvzhy/refs/heads/main/yu/yu(18+1).json","version":"洪宇的网络爬虫","icon":"https://daili.korice.eu.org/https://raw.githubusercontent.com/qq859/cj/refs/heads/main/%E5%9B%BE%E7%89%87/HY18.png","copy":"https://daili.korice.eu.org/https://raw.githubusercontent.com/vvvzhy/vvvzhy/refs/heads/main/yu/yu(18+1).json"},

{"name":"yu(18+2).json","url":"https://daili.korice.eu.org/https://raw.githubusercontent.com/vvvzhy/vvvzhy/refs/heads/main/yu/yu(18+2).json","version":"洪宇的网络爬虫","icon":"https://daili.korice.eu.org/https://raw.githubusercontent.com/qq859/cj/refs/heads/main/%E5%9B%BE%E7%89%87/HY18.png","copy":"https://daili.korice.eu.org/https://raw.githubusercontent.com/vvvzhy/vvvzhy/refs/heads/main/yu/yu(18+2).json"},

{"name":"yu[18+1].json","url":"https://daili.korice.eu.org/https://raw.githubusercontent.com/vvvzhy/vvvzhy/refs/heads/main/yu/yu[18+1].json","version":"洪宇的网络爬虫","icon":"https://daili.korice.eu.org/https://raw.githubusercontent.com/qq859/cj/refs/heads/main/%E5%9B%BE%E7%89%87/HY18.png","copy":"https://daili.korice.eu.org/https://raw.githubusercontent.com/vvvzhy/vvvzhy/refs/heads/main/yu/yu[18+1].json"},

{"name":"yu[18+2].json","url":"https://daili.korice.eu.org/https://raw.githubusercontent.com/vvvzhy/vvvzhy/refs/heads/main/yu/yu[18+2].json","version":"洪宇的网络爬虫","icon":"https://daili.korice.eu.org/https://raw.githubusercontent.com/qq859/cj/refs/heads/main/%E5%9B%BE%E7%89%87/HY18.png","copy":"https://daili.korice.eu.org/https://raw.githubusercontent.com/vvvzhy/vvvzhy/refs/heads/main/yu/yu[18+2].json"},

{"name":"yu/18.json","url":"https://daili.korice.eu.org/https://raw.githubusercontent.com/vvvzhy/vvvzhy/refs/heads/main/yu/18.json","version":"洪宇的网络爬虫","icon":"https://daili.korice.eu.org/https://raw.githubusercontent.com/qq859/cj/refs/heads/main/%E5%9B%BE%E7%89%87/HY18.png","copy":"https://daili.korice.eu.org/https://raw.githubusercontent.com/vvvzhy/vvvzhy/refs/heads/main/yu/18.json"},

{"name":"19.json","url":"https://daili.korice.eu.org/https://raw.githubusercontent.com/vvvzhy/vvvzhy/refs/heads/main/yu/19.json","version":"洪宇的网络爬虫","icon":"https://daili.korice.eu.org/https://raw.githubusercontent.com/qq859/cj/refs/heads/main/%E5%9B%BE%E7%89%87/HY18.png","copy":"https://daili.korice.eu.org/https://raw.githubusercontent.com/vvvzhy/vvvzhy/refs/heads/main/yu/19.json"}



]
},






{"name":"洪宇推荐 配置",
"list":[
{"name":"洪宇影视123","url":"https://daili.korice.eu.org/https://raw.githubusercontent.com/qq859/cj/refs/heads/main/%E5%9B%BE%E7%89%87/HYDIY.png","version":"洪宇的网络爬虫","icon":"https://daili.korice.eu.org/https://raw.githubusercontent.com/qq859/cj/refs/heads/main/%E5%9B%BE%E7%89%87/HYDIY.png","copy":"https://ghproxy.cfd/https://raw.githubusercontent.com/469548405/xiaosa/refs/heads/master/xiaosa/123.txt"},
{"name":"🔞洪宇影视18🔞","url":"https://cors.isteed.cc/https://raw.githubusercontent.com/469548405/xiaosa/refs/heads/master/xiaosa/19.json","version":"洪宇的网络爬虫","icon":"https://daili.korice.eu.org/https://raw.githubusercontent.com/qq859/cj/refs/heads/main/%E5%9B%BE%E7%89%87/HY18.png","copy":"https://cors.isteed.cc/https://raw.githubusercontent.com/469548405/xiaosa/refs/heads/master/xiaosa/19.json"},
{"name":"洪宇影视合集","url":"https://cors.isteed.cc/https://raw.githubusercontent.com/vvvzhy/vvvzhy/refs/heads/main/tvbox/yu.txt","version":"洪宇的网络爬虫","icon":"https://cors.isteed.cc/https://avatars.githubusercontent.com/u/160370304?s=200&v=4","copy":"https://cors.isteed.cc/https://raw.githubusercontent.com/vvvzhy/vvvzhy/refs/heads/main/tvbox/yu.txt"},
{"name":"洪宇影视","url":"https://cors.isteed.cc/https://raw.githubusercontent.com/n3rddd/N3RD/master/JN/N3RD/W/COVER2.png","version":"洪宇的网络爬虫","icon":"https://cors.isteed.cc/https://raw.githubusercontent.com/n3rddd/N3RD/master/JN/N3RD/W/COVER2.png","copy":"https://ghproxy.cc/https://raw.githubusercontent.com/jingyu8993/vvvzhy/refs/heads/main/JN/yu.json"},

{"name":"洪宇影视合集1","url":"https://cors.isteed.cc/https://raw.githubusercontent.com/n3rddd/N3RD/master/JN/N3RD/W/COVER4.png","version":"洪宇的网络爬虫","icon":"https://cors.isteed.cc/https://raw.githubusercontent.com/n3rddd/N3RD/master/JN/N3RD/W/COVER4.png","copy":"https://ghproxy.cc/https://raw.githubusercontent.com/vvvzhy/vvvzhy/refs/heads/main/tvbox/yu.txt"},

{"name":"CloudStream","url":"https://cors.isteed.cc/https://raw.githubusercontent.com/recloudstream/extensions/refs/heads/master/repo.json","version":"CloudStream","icon":"https://cors.isteed.cc/https://raw.githubusercontent.com/recloudstream/cloudstream/refs/heads/master/app/src/main/res/mipmap-xxxhdpi/ic_launcher.png","copy":"https://raw.githubusercontent.com/recloudstream/extensions/refs/heads/master/repo.json"},
{"name":"CloudStream Rowdy","url":"https://cors.isteed.cc/https://raw.githubusercontent.com/Rowdy-Avocado/Rowdycado-Extensions/builds/repo.json","version":"CloudStream","icon":"https://cors.isteed.cc/https://avatars.githubusercontent.com/u/160370304?s=200&v=4","copy":"https://raw.githubusercontent.com/Rowdy-Avocado/Rowdycado-Extensions/builds/repo.json"},
{"name":"CloudStream Rowdy 18+","url":"https://cors.isteed.cc/https://raw.githubusercontent.com/Rowdy-Avocado/18plus-Extensions/builds/repo.json","version":"CloudStream","icon":"https://cors.isteed.cc/https://avatars.githubusercontent.com/u/160370304?s=200&v=4","copy":"https://raw.githubusercontent.com/Rowdy-Avocado/18plus-Extensions/builds/repo.json"},
{"name":"CloudStream Phisher","url":"https://cors.isteed.cc/https://raw.githubusercontent.com/phisher98/cloudstream-extensions-phisher/refs/heads/builds/repo.json","version":"CloudStream","icon":"https://cors.isteed.cc/https://avatars.githubusercontent.com/u/153359846?v=4","copy":"https://raw.githubusercontent.com/phisher98/cloudstream-extensions-phisher/refs/heads/builds/repo.json"},
{"name":"CloudStream Phisher 18+","url":"https://cors.isteed.cc/https://raw.githubusercontent.com/phisher98/CXXX/builds/CXXX.json","version":"CloudStream","icon":"https://cors.isteed.cc/https://avatars.githubusercontent.com/u/153359846?v=4","copy":"https://raw.githubusercontent.com/phisher98/CXXX/builds/CXXX.json"}
]
},
  
{"name":"本地包【将复制的链接粘贴到配置地址】",
"list":[



{"name":"🈴洪宇影视🈴","url":"https://ghproxy.cfd/https:/raw.githubusercontent.com/vvvvvse/vvvzhy/refs/heads/main/tvbox/tvbox.zip","version":"20230324","icon":"https://daili.korice.eu.org/https://raw.githubusercontent.com/qq859/cj/refs/heads/main/%E5%9B%BE%E7%89%87/HYTV.png","copy":"https://daili.korice.eu.org/https://raw.githubusercontent.com/vvvzhy/vvvzhy/refs/heads/main/yu/yu(1-2-3).json"},
{"name":"🔞洪宇影视成人🔞","url":"https://ghproxy.cfd/https:/raw.githubusercontent.com/vvvvvse/vvvzhy/refs/heads/main/tvbox/tvbox.zip","version":"20230324","icon":"https://daili.korice.eu.org/https://raw.githubusercontent.com/qq859/cj/refs/heads/main/%E5%9B%BE%E7%89%87/HYTV.png","copy":"https://daili.korice.eu.org/https://raw.githubusercontent.com/vvvzhy/vvvzhy/refs/heads/main/yu/yu(1-2-3).json"},
{"name":"🈹洪宇影视成人🈹","url":"https://ghproxy.cfd/https:/raw.githubusercontent.com/vvvvvse/vvvzhy/refs/heads/main/tvbox/tvbox.zip","version":"20230324","icon":"https://daili.korice.eu.org/https://raw.githubusercontent.com/qq859/cj/refs/heads/main/%E5%9B%BE%E7%89%87/HYTV.png","copy":"https://daili.korice.eu.org/https://raw.githubusercontent.com/vvvzhy/vvvzhy/refs/heads/main/yu/yu(1-2-3).json"},
{"name":"洪宇影视0324","url":"https://cors.isteed.cc/https://raw.githubusercontent.com/n3rddd/MARKET/main/PAK/LEM0324.zip","version":"20230324","icon":"https://daili.korice.eu.org/https://raw.githubusercontent.com/qq859/cj/refs/heads/main/%E5%9B%BE%E7%89%87/HYTV.png","copy":"clan://localhost/Download/lem/lem.json"},
{"name":"洪宇影视0205","url":"https://cors.isteed.cc/https://raw.githubusercontent.com/n3rddd/MARKET/main/PAK/LEM0205.zip","version":"20240205","icon":"https://daili.korice.eu.org/https://raw.githubusercontent.com/qq859/cj/refs/heads/main/%E5%9B%BE%E7%89%87/HYTV.png","copy":"clan://localhost/Download/lem/lem.json"},
{"name":"洪宇影视0121","url":"https://cors.isteed.cc/https://raw.githubusercontent.com/n3rddd/MARKET/main/PAK/LEM0121.zip","version":"20240121","icon":"https://daili.korice.eu.org/https://raw.githubusercontent.com/qq859/cj/refs/heads/main/%E5%9B%BE%E7%89%87/HYTV.png","copy":"clan://localhost/Download/lem/lem.json"},
{"name":"洪宇影视1211","url":"https://cors.isteed.cc/https://raw.githubusercontent.com/n3rddd/MARKET/main/PAK/LEM1211.zip","version":"20231211","icon":"https://daili.korice.eu.org/https://raw.githubusercontent.com/qq859/cj/refs/heads/main/%E5%9B%BE%E7%89%87/HYTV.png","copy":"clan://localhost/Download/lem/lem.json"},

{"name":"洪宇影视JS0414","url":"https://cors.isteed.cc/https://raw.githubusercontent.com/n3rddd/MARKET/main/PAK/LEMJ0414.zip","version":"20240414","icon":"https://cors.isteed.cc/https://raw.githubusercontent.com/n3rddd/N3RD/master/JN/N3RD/W/P11.jpg","copy":"clan://localhost/Download/lemj/lemj.json"},

{"name":"PNDGRV0414","url":"https://cors.isteed.cc/https://raw.githubusercontent.com/n3rddd/MARKET/main/PAK/PG0414.zip","version":"20240414","icon":"https://cors.isteed.cc/https://raw.githubusercontent.com/n3rddd/N3RD/master/JN/N3RD/W/P9.jpg","copy":"clan://localhost/Download/PG/jsm.json"},
{"name":"PNDGRV0410","url":"https://cors.isteed.cc/https://raw.githubusercontent.com/n3rddd/MARKET/main/PAK/PG0410.zip","version":"20240410","icon":"https://cors.isteed.cc/https://raw.githubusercontent.com/n3rddd/N3RD/master/JN/N3RD/W/P9.jpg","copy":"clan://localhost/Download/PG/jsm.json"},
{"name":"PNDGRV0401","url":"https://cors.isteed.cc/https://raw.githubusercontent.com/n3rddd/MARKET/main/PAK/PG0401.zip","version":"20240401","icon":"https://cors.isteed.cc/https://raw.githubusercontent.com/n3rddd/N3RD/master/JN/N3RD/W/P9.jpg","copy":"clan://localhost/Download/PG/jsm.json"},
{"name":"PNDGRV0324","url":"https://cors.isteed.cc/https://raw.githubusercontent.com/n3rddd/MARKET/main/PAK/PG0324.zip","version":"20240324","icon":"https://cors.isteed.cc/https://raw.githubusercontent.com/n3rddd/N3RD/master/JN/N3RD/W/P9.jpg","copy":"clan://localhost/Download/PG/jsm.json"},
{"name":"PNDGRV0323","url":"https://cors.isteed.cc/https://raw.githubusercontent.com/n3rddd/MARKET/main/PAK/PG0323.zip","version":"20240323","icon":"https://cors.isteed.cc/https://raw.githubusercontent.com/n3rddd/N3RD/master/JN/N3RD/W/P9.jpg","copy":"clan://localhost/Download/PG/jsm.json"},

{"name":"WEX0414","url":"https://cors.isteed.cc/https://raw.githubusercontent.com/n3rddd/MARKET/main/PAK/WEX0414.zip","version":"20240414","icon":"https://cors.isteed.cc/https://raw.githubusercontent.com/n3rddd/N3RD/master/JN/N3RD/W/P2.jpg","copy":"clan://localhost/Download/wex/wex.json"},
{"name":"WEX0326","url":"https://cors.isteed.cc/https://raw.githubusercontent.com/n3rddd/MARKET/main/PAK/WEX0326.zip","version":"20240326","icon":"https://cors.isteed.cc/https://raw.githubusercontent.com/n3rddd/N3RD/master/JN/N3RD/W/P2.jpg","copy":"clan://localhost/Download/wex/wex.json"},
{"name":"WEX0324","url":"https://cors.isteed.cc/https://raw.githubusercontent.com/n3rddd/MARKET/main/PAK/WEX0324.zip","version":"20240324","icon":"https://cors.isteed.cc/https://raw.githubusercontent.com/n3rddd/N3RD/master/JN/N3RD/W/P2.jpg","copy":"clan://localhost/Download/wex/wex.json"},

{"name":"WATSON0109","url":"https://cors.isteed.cc/https://raw.githubusercontent.com/n3rddd/MARKET/main/PAK/WATSON0109.zip","version":"20240109","icon":"https://cors.isteed.cc/https://raw.githubusercontent.com/n3rddd/N3RD/master/JN/N3RD/W/P10.jpg","copy":"clan://localhost/Download/JS/js.json"},
{"name":"WATSON1223","url":"https://cors.isteed.cc/https://raw.githubusercontent.com/n3rddd/MARKET/main/PAK/WATSON1223.zip","version":"20231223","icon":"https://cors.isteed.cc/https://raw.githubusercontent.com/n3rddd/N3RD/master/JN/N3RD/W/P10.jpg","copy":"clan://localhost/Download/JS/js.json"},
{"name":"WATSON1206","url":"https://cors.isteed.cc/https://raw.githubusercontent.com/n3rddd/MARKET/main/PAK/WATSON1206.zip","version":"20231206","icon":"https://cors.isteed.cc/https://raw.githubusercontent.com/n3rddd/N3RD/master/JN/N3RD/W/P10.jpg","copy":"clan://localhost/Download/JS/js.json"},
{"name":"WATSON1123","url":"https://cors.isteed.cc/https://raw.githubusercontent.com/n3rddd/MARKET/main/PAK/WATSON1123.zip","version":"20231123","icon":"https://cors.isteed.cc/https://raw.githubusercontent.com/n3rddd/N3RD/master/JN/N3RD/W/P10.jpg","copy":"clan://localhost/Download/JS/js.json"},
{"name":"WATSON1115","url":"https://cors.isteed.cc/https://raw.githubusercontent.com/n3rddd/MARKET/main/PAK/WATSON1115.zip","version":"20231115","icon":"https://cors.isteed.cc/https://raw.githubusercontent.com/n3rddd/N3RD/master/JN/N3RD/W/P10.jpg","copy":"clan://localhost/Download/JS/js.json"},

{"name":"香雅情1202","url":"https://cors.isteed.cc/https://raw.githubusercontent.com/n3rddd/MARKET/main/PAK/XYQ1202.zip","version":"20231202","icon":"https://cors.isteed.cc/https://raw.githubusercontent.com/n3rddd/N3RD/master/JN/N3RD/W/P8.jpg","copy":"clan://localhost/Download/XYQTVBox/XYQTVBox.json"},
{"name":"香雅情1129","url":"https://cors.isteed.cc/https://raw.githubusercontent.com/n3rddd/MARKET/main/PAK/XYQ1129.zip","version":"20231129","icon":"https://cors.isteed.cc/https://raw.githubusercontent.com/n3rddd/N3RD/master/JN/N3RD/W/P8.jpg","copy":"clan://localhost/Download/XYQTVBox/XYQTVBox.json"},
{"name":"香雅情1124","url":"https://cors.isteed.cc/https://raw.githubusercontent.com/n3rddd/MARKET/main/PAK/XYQ1124.zip","version":"20231124","icon":"https://cors.isteed.cc/https://raw.githubusercontent.com/n3rddd/N3RD/master/JN/N3RD/W/P8.jpg","copy":"clan://localhost/Download/XYQTVBox/XYQTVBox.json"}  
]
},







{"name":"洪宇影视",
"list":[
{"name":"洪宇影视 STD VER.","url":"https://cors.isteed.cc/https://raw.githubusercontent.com/n3rddd/MARKET/main/APP/CRIMETV5.5.0.apk","version":"5.5.0 20230902","icon":"https://raw.githubusercontent.com/qq859/cj/refs/heads/main/%E5%9B%BE%E7%89%87/HYTV.png"},
{"name":"洪宇影视 DLX VER.","url":"https://cors.isteed.cc/https://raw.githubusercontent.com/n3rddd/MARKET/main/APP/CRIMETVDLX1.0.0.apk","version":"1.0.0 20240222","icon":"https://raw.githubusercontent.com/qq859/cj/refs/heads/main/%E5%9B%BE%E7%89%87/HYTV.png"}
]
},

{"name":"洪宇影视 专业版",
"list":[
{"name":"洪宇影视 PRO VER.","url":"https://cors.isteed.cc/https://raw.githubusercontent.com/n3rddd/MARKET/main/APP/CRIMETVPRO3.5.0v7a.apk","version":"3.5.0 32位 20240331","icon":"https://cors.isteed.cc/https://raw.githubusercontent.com/n3rddd/N3RD/master/JN/N3RD/W/COVER2.png"},
{"name":"洪宇影视 PRO VER.","url":"https://cors.isteed.cc/https://raw.githubusercontent.com/n3rddd/MARKET/main/APP/CRIMETVPRO3.5.0v8a.apk","version":"3.5.0 64位 20240331","icon":"https://cors.isteed.cc/https://raw.githubusercontent.com/n3rddd/N3RD/master/JN/N3RD/W/COVER2.png"},
{"name":"洪宇影视 PRO VER.","url":"https://cors.isteed.cc/https://raw.githubusercontent.com/n3rddd/MARKET/main/APP/CRIMETVPRO3.4.0v7a.apk","version":"3.4.0 32位 20240218","icon":"https://cors.isteed.cc/https://raw.githubusercontent.com/n3rddd/N3RD/master/JN/N3RD/W/COVER2.png"},
{"name":"洪宇影视 PRO VER.","url":"https://cors.isteed.cc/https://raw.githubusercontent.com/n3rddd/MARKET/main/APP/CRIMETVPRO3.4.0v8a.apk","version":"3.4.0 64位 20240218","icon":"https://cors.isteed.cc/https://raw.githubusercontent.com/n3rddd/N3RD/master/JN/N3RD/W/COVER2.png"},
{"name":"洪宇影视 PRO VER.","url":"https://cors.isteed.cc/https://raw.githubusercontent.com/n3rddd/MARKET/main/APP/CRIMETVPRO3.3.0v7a.apk","version":"3.3.0 32位 20240107","icon":"https://cors.isteed.cc/https://raw.githubusercontent.com/n3rddd/N3RD/master/JN/N3RD/W/COVER2.png"},
{"name":"洪宇影视 PRO VER.","url":"https://cors.isteed.cc/https://raw.githubusercontent.com/n3rddd/MARKET/main/APP/CRIMETVPRO3.3.0v8a.apk","version":"3.3.0 64位 20240107","icon":"https://cors.isteed.cc/https://raw.githubusercontent.com/n3rddd/N3RD/master/JN/N3RD/W/COVER2.png"},
{"name":"洪宇影视 PRO VER.","url":"https://cors.isteed.cc/https://raw.githubusercontent.com/n3rddd/MARKET/main/APP/CRIMETVPRO3.2.0v7a.apk","version":"3.2.0 32位 20231217","icon":"https://cors.isteed.cc/https://raw.githubusercontent.com/n3rddd/N3RD/master/JN/N3RD/W/COVER2.png"},
{"name":"洪宇影视 PRO VER.","url":"https://cors.isteed.cc/https://raw.githubusercontent.com/n3rddd/MARKET/main/APP/CRIMETVPRO3.2.0v8a.apk","version":"3.2.0 64位 20231217","icon":"https://cors.isteed.cc/https://raw.githubusercontent.com/n3rddd/N3RD/master/JN/N3RD/W/COVER2.png"},
{"name":"洪宇影视 PRO VER.","url":"https://cors.isteed.cc/https://raw.githubusercontent.com/n3rddd/MARKET/main/APP/CRIMETVPRO3.1.0v7a.apk","version":"3.1.0 32位 20231124","icon":"https://cors.isteed.cc/https://raw.githubusercontent.com/n3rddd/N3RD/master/JN/N3RD/W/COVER2.png"},
{"name":"洪宇影视 PRO VER.","url":"https://cors.isteed.cc/https://raw.githubusercontent.com/n3rddd/MARKET/main/APP/CRIMETVPRO3.1.0v8a.apk","version":"3.1.0 64位 20231124","icon":"https://cors.isteed.cc/https://raw.githubusercontent.com/n3rddd/N3RD/master/JN/N3RD/W/COVER2.png"},
{"name":"洪宇影视 PRO VER.","url":"https://cors.isteed.cc/https://raw.githubusercontent.com/n3rddd/MARKET/main/APP/CRIMETVPRO3.0.0v7a.apk","version":"3.0.0 32位 20230927","icon":"https://cors.isteed.cc/https://raw.githubusercontent.com/n3rddd/N3RD/master/JN/N3RD/W/COVER2.png"},
{"name":"洪宇影视 PRO VER.","url":"https://cors.isteed.cc/https://raw.githubusercontent.com/n3rddd/MARKET/main/APP/CRIMETVPRO3.0.0v8a.apk","version":"3.0.0 64位 20230927","icon":"https://cors.isteed.cc/https://raw.githubusercontent.com/n3rddd/N3RD/master/JN/N3RD/W/COVER2.png"}
]
},

{"name":"洪宇影视 LUST版",
"list":[
{"name":"洪宇影视 LUST VER.","url":"https://cors.isteed.cc/https://raw.githubusercontent.com/n3rddd/MARKET/main/APP/LUSTTV3.1.2.apk","version":"3.1.2 20240222","icon":"https://daili.korice.eu.org/https://raw.githubusercontent.com/qq859/cj/refs/heads/main/%E5%9B%BE%E7%89%87/HYDIY.png"},
{"name":"洪宇影视 LUST VER.","url":"https://cors.isteed.cc/https://raw.githubusercontent.com/n3rddd/MARKET/main/APP/LUSTTV3.1.1.apk","version":"3.1.1 20240203","icon":"https://daili.korice.eu.org/https://raw.githubusercontent.com/qq859/cj/refs/heads/main/%E5%9B%BE%E7%89%87/HYDIY.png"},
{"name":"洪宇影视 LUST VER.","url":"https://cors.isteed.cc/https://raw.githubusercontent.com/n3rddd/MARKET/main/APP/LUSTTV3.0.9.apk","version":"3.0.9 20240121","icon":"https://daili.korice.eu.org/https://raw.githubusercontent.com/qq859/cj/refs/heads/main/%E5%9B%BE%E7%89%87/HYDIY.png"},
{"name":"洪宇影视 LUST VER.","url":"https://cors.isteed.cc/https://raw.githubusercontent.com/n3rddd/MARKET/main/APP/LUSTTV3.0.8.apk","version":"3.0.8 20240114","icon":"https://daili.korice.eu.org/https://raw.githubusercontent.com/qq859/cj/refs/heads/main/%E5%9B%BE%E7%89%87/HYDIY.png"},
{"name":"洪宇影视 LUST VER.","url":"https://cors.isteed.cc/https://raw.githubusercontent.com/n3rddd/MARKET/main/APP/LUSTTV3.0.7.apk","version":"3.0.7 20240107","icon":"https://daili.korice.eu.org/https://raw.githubusercontent.com/qq859/cj/refs/heads/main/%E5%9B%BE%E7%89%87/HYDIY.png"},
{"name":"洪宇影视 LUST VER.","url":"https://cors.isteed.cc/https://raw.githubusercontent.com/n3rddd/MARKET/main/APP/LUSTTV3.0.5.apk","version":"3.0.5 20231225","icon":"https://daili.korice.eu.org/https://raw.githubusercontent.com/qq859/cj/refs/heads/main/%E5%9B%BE%E7%89%87/HYDIY.png"},
{"name":"洪宇影视 LUST VER.","url":"https://cors.isteed.cc/https://raw.githubusercontent.com/n3rddd/MARKET/main/APP/LUSTTV2.0.0.apk","version":"2.0.0 20230326","icon":"https://daili.korice.eu.org/https://raw.githubusercontent.com/qq859/cj/refs/heads/main/%E5%9B%BE%E7%89%87/HYDIY.png"}
]
},

{"name":"洪宇影视 电视直播",
"list":[
{"name":"洪宇影视 LIVE VER.","url":"https://cors.isteed.cc/https://raw.githubusercontent.com/n3rddd/MARKET/main/APP/CRIMELIVE1.0.1.apk","version":"1.0.1 20240601","icon":"https://cors.isteed.cc/https://raw.githubusercontent.com/n3rddd/N3RD/master/JN/N3RD/W/COVER4.png"}
]
},

{"name":"洪宇推荐 APPS",
"list":[
{"name":"OurTV","url":"https://cors.isteed.cc/https://github.com/andandroidor/ourtv/releases/download/3.6.9/OurTV_3.6.9_android_tv.apk","version":"3.6.9","icon":"http://pic.baobeiy.com/up/2024-9/202499813206306.png"},
{"name":"WebViewTV","url":"https://cors.isteed.cc/https://raw.githubusercontent.com/n3rddd/MARKET/refs/heads/main/APP/WebViewTV_1.10.7.apk","version":"1.10.7","icon":"https://cors.isteed.cc/https://raw.githubusercontent.com/hxh19950701/WebViewTvLive/refs/heads/main/app/src/main/res/drawable/ic_launcher.png"},
{"name":"天光云影","url":"https://cors.isteed.cc/https://raw.githubusercontent.com/n3rddd/MARKET/refs/heads/main/APP/tv-3.3.9-all-sdk21-original.apk","version":"3.3.9","icon":"https://itopdog.xyxza.com/gameggg/imgfile/20241107/07154337hlir.png"},
{"name":"Z视介","url":"https://cors.isteed.cc/https://raw.githubusercontent.com/n3rddd/MARKET/refs/heads/main/APP/tv-3.3.9-all-sdk21-disguised.apk","version":"3.3.9","icon":"https://itopdog.xyxza.com/gameggg/imgfile/20241107/07154337hlir.png"},
{"name":"CloudStream","url":"https://cors.isteed.cc/https://github.com/recloudstream/cloudstream/releases/download/pre-release/app-prerelease-release.apk","version":"Pre-Release","icon":"https://cors.isteed.cc/https://raw.githubusercontent.com/recloudstream/cloudstream/refs/heads/master/app/src/main/res/mipmap-xxxhdpi/ic_launcher.png"},
{"name":"CloudStream","url":"https://cors.isteed.cc/https://github.com/recloudstream/cloudstream/releases/download/v4.4.0/4.4.0.apk","version":"4.4.0","icon":"https://cors.isteed.cc/https://raw.githubusercontent.com/recloudstream/cloudstream/refs/heads/master/app/src/main/res/mipmap-xxxhdpi/ic_launcher.png"},

{"name":"影视","url":"https://cors.isteed.cc/https://raw.githubusercontent.com/lystv/fmapp/refs/heads/ok/apk/release/leanback-java-arm64_v8a.apk","version":"JAVA v8a","icon":"https://raw.githubusercontent.com/qq859/cj/refs/heads/main/%E5%9B%BE%E7%89%87/HYTV.png"},
{"name":"影视","url":"https://cors.isteed.cc/https://raw.githubusercontent.com/lystv/fmapp/refs/heads/ok/apk/release/leanback-java-armeabi_v7a.apk","version":"JAVA v7a","icon":"https://raw.githubusercontent.com/qq859/cj/refs/heads/main/%E5%9B%BE%E7%89%87/HYTV.png"},
{"name":"影视","url":"https://cors.isteed.cc/https://raw.githubusercontent.com/lystv/fmapp/refs/heads/ok/apk/release/leanback-python-arm64_v8a.apk","version":"PYTHON v8a","icon":"https://raw.githubusercontent.com/qq859/cj/refs/heads/main/%E5%9B%BE%E7%89%87/HYTV.png"},
{"name":"影视","url":"https://cors.isteed.cc/https://raw.githubusercontent.com/lystv/fmapp/refs/heads/ok/apk/release/leanback-python-armeabi_v7a.apk","version":"PYTHON v7a","icon":"https://raw.githubusercontent.com/qq859/cj/refs/heads/main/%E5%9B%BE%E7%89%87/HYTV.png"},

{"name":"OK PRO","url":"https://cors.isteed.cc/https://raw.githubusercontent.com/lystv/fmapp/refs/heads/main/apk/pro/leanback-pro.apk","version":"TV","icon":"https://raw.githubusercontent.com/qq859/cj/refs/heads/main/%E5%9B%BE%E7%89%87/HYTV.png"},
{"name":"OK PRO","url":"https://cors.isteed.cc/https://raw.githubusercontent.com/lystv/fmapp/refs/heads/main/apk/pro/mobile-pro.apk","version":"MOBILE","icon":"https://raw.githubusercontent.com/qq859/cj/refs/heads/main/%E5%9B%BE%E7%89%87/HYTV.png"},

{"name":"FongMi影视","url":"https://cors.isteed.cc/https://raw.githubusercontent.com/FongMi/Release/fongmi/apk/release/leanback-java-arm64_v8a.apk","version":"JAVA v8a","icon":"https://raw.githubusercontent.com/qq859/cj/refs/heads/main/%E5%9B%BE%E7%89%87/HYTV.png"},
{"name":"FongMi影视","url":"https://cors.isteed.cc/https://raw.githubusercontent.com/FongMi/Release/fongmi/apk/release/leanback-java-armeabi_v7a.apk","version":"JAVA v7a","icon":"https://raw.githubusercontent.com/qq859/cj/refs/heads/main/%E5%9B%BE%E7%89%87/HYTV.png"},
{"name":"FongMi影视","url":"https://cors.isteed.cc/https://raw.githubusercontent.com/FongMi/Release/fongmi/apk/release/leanback-python-arm64_v8a.apk","version":"PYTHON v8a","icon":"https://raw.githubusercontent.com/qq859/cj/refs/heads/main/%E5%9B%BE%E7%89%87/HYTV.png"},
{"name":"FongMi影视","url":"https://cors.isteed.cc/https://raw.githubusercontent.com/FongMi/Release/fongmi/apk/release/leanback-python-armeabi_v7a.apk","version":"PYTHON v7a","icon":"https://raw.githubusercontent.com/qq859/cj/refs/heads/main/%E5%9B%BE%E7%89%87/HYTV.png"},

{"name":"OK影视","url":"https://cors.isteed.cc/https://raw.githubusercontent.com/FongMi/Release/main/apk/release/leanback-java-arm64_v8a.apk","version":"JAVA v8a","icon":"https://raw.githubusercontent.com/qq859/cj/refs/heads/main/%E5%9B%BE%E7%89%87/HYTV.png"},
{"name":"OK影视","url":"https://cors.isteed.cc/https://raw.githubusercontent.com/FongMi/Release/main/apk/release/leanback-java-armeabi_v7a.apk","version":"JAVA v7a","icon":"https://raw.githubusercontent.com/qq859/cj/refs/heads/main/%E5%9B%BE%E7%89%87/HYTV.png"},
{"name":"OK影视","url":"https://cors.isteed.cc/https://raw.githubusercontent.com/FongMi/Release/main/apk/release/leanback-python-arm64_v8a.apk","version":"PYTHON v8a","icon":"https://raw.githubusercontent.com/qq859/cj/refs/heads/main/%E5%9B%BE%E7%89%87/HYTV.png"},
{"name":"OK影视","url":"https://cors.isteed.cc/https://raw.githubusercontent.com/FongMi/Release/main/apk/release/leanback-python-armeabi_v7a.apk","version":"PYTHON v7a","icon":"https://raw.githubusercontent.com/qq859/cj/refs/heads/main/%E5%9B%BE%E7%89%87/HYTV.png"}
]
},



{"name":"v7a","list":[
{"name":"av1","url":"https://cors.isteed.cc/https://raw.githubusercontent.com/lem85930/RLS/main/so/armeabi-v7a/libgav1JNI.so","version":"EXO","icon":"https://raw.githubusercontent.com/qq859/cj/refs/heads/main/%E5%9B%BE%E7%89%87/HYTV.png"},
{"name":"荐片","url":"https://cors.isteed.cc/https://raw.githubusercontent.com/lem85930/RLS/main/so/armeabi-v7a/libjpa.so","icon":"https://raw.githubusercontent.com/qq859/cj/refs/heads/main/%E5%9B%BE%E7%89%87/HYTV.png"},
{"name":"磁力-1","url":"https://cors.isteed.cc/https://raw.githubusercontent.com/lem85930/RLS/main/so/armeabi-v7a/libxl_stat.so","icon":"https://raw.githubusercontent.com/qq859/cj/refs/heads/main/%E5%9B%BE%E7%89%87/HYTV.png"},
{"name":"磁力-2","url":"https://cors.isteed.cc/https://raw.githubusercontent.com/lem85930/RLS/main/so/armeabi-v7a/libxl_thunder_sdk.so","icon":"https://raw.githubusercontent.com/qq859/cj/refs/heads/main/%E5%9B%BE%E7%89%87/HYTV.png"},
{"name":"晴天","url":"https://cors.isteed.cc/https://raw.githubusercontent.com/lem85930/RLS/main/so/armeabi-v7a/libmitv.so","icon":"https://raw.githubusercontent.com/qq859/cj/refs/heads/main/%E5%9B%BE%E7%89%87/HYTV.png"},
{"name":"P2P","url":"https://cors.isteed.cc/https://raw.githubusercontent.com/lem85930/RLS/main/so/armeabi-v7a/libp2p.so","icon":"https://raw.githubusercontent.com/qq859/cj/refs/heads/main/%E5%9B%BE%E7%89%87/HYTV.png"},
{"name":"P3P","url":"https://cors.isteed.cc/https://raw.githubusercontent.com/lem85930/RLS/main/so/armeabi-v7a/libp3p.so","icon":"https://raw.githubusercontent.com/qq859/cj/refs/heads/main/%E5%9B%BE%E7%89%87/HYTV.png"},
{"name":"P4P","url":"https://cors.isteed.cc/https://raw.githubusercontent.com/lem85930/RLS/main/so/armeabi-v7a/libp4p.so","icon":"https://raw.githubusercontent.com/qq859/cj/refs/heads/main/%E5%9B%BE%E7%89%87/HYTV.png"},
{"name":"P5P","url":"https://cors.isteed.cc/https://raw.githubusercontent.com/lem85930/RLS/main/so/armeabi-v7a/libp5p.so","icon":"https://raw.githubusercontent.com/qq859/cj/refs/heads/main/%E5%9B%BE%E7%89%87/HYTV.png"},
{"name":"P6P","url":"https://cors.isteed.cc/https://raw.githubusercontent.com/lem85930/RLS/main/so/armeabi-v7a/libp6p.so","icon":"https://raw.githubusercontent.com/qq859/cj/refs/heads/main/%E5%9B%BE%E7%89%87/HYTV.png"},
{"name":"P7P","url":"https://cors.isteed.cc/https://raw.githubusercontent.com/lem85930/RLS/main/so/armeabi-v7a/libp7p.so","icon":"https://raw.githubusercontent.com/qq859/cj/refs/heads/main/%E5%9B%BE%E7%89%87/HYTV.png"},
{"name":"P8P","url":"https://cors.isteed.cc/https://raw.githubusercontent.com/lem85930/RLS/main/so/armeabi-v7a/libp8p.so","icon":"https://raw.githubusercontent.com/qq859/cj/refs/heads/main/%E5%9B%BE%E7%89%87/HYTV.png"},
{"name":"P9P","url":"https://cors.isteed.cc/https://raw.githubusercontent.com/lem85930/RLS/main/so/armeabi-v7a/libp9p.so","icon":"https://raw.githubusercontent.com/qq859/cj/refs/heads/main/%E5%9B%BE%E7%89%87/HYTV.png"}
]
},

{"name":"v8a","list":[
{"name":"av1","url":"https://cors.isteed.cc/https://raw.githubusercontent.com/lem85930/RLS/main/so/arm64-v8a/libgav1JNI.so","version":"EXO","icon":"https://raw.githubusercontent.com/qq859/cj/refs/heads/main/%E5%9B%BE%E7%89%87/HYTV.png"},
{"name":"荐片","url":"https://cors.isteed.cc/https://raw.githubusercontent.com/lem85930/RLS/main/so/arm64-v8a/libjpa.so","icon":"https://raw.githubusercontent.com/qq859/cj/refs/heads/main/%E5%9B%BE%E7%89%87/HYTV.png"},
{"name":"磁力-1","url":"https://cors.isteed.cc/https://raw.githubusercontent.com/lem85930/RLS/main/so/arm64-v8a/libxl_stat.so","icon":"https://raw.githubusercontent.com/qq859/cj/refs/heads/main/%E5%9B%BE%E7%89%87/HYTV.png"},
{"name":"磁力-2","url":"https://cors.isteed.cc/https://raw.githubusercontent.com/lem85930/RLS/main/so/arm64-v8a/libxl_thunder_sdk.so","icon":"https://raw.githubusercontent.com/qq859/cj/refs/heads/main/%E5%9B%BE%E7%89%87/HYTV.png"}
]
}

]
